{
  "name": "Limeroad lite",
  "short_name": "Limeroad",
  "description": "Online Shopping India",
  "icons": [
    {
      "src": "https://img1.junaroad.com/assets/images/sprite/icon-192.png",
      "sizes": "192x192",
      "type": "image/png"
    },
    {
      "src": "https://img1.junaroad.com/assets/images/sprite/icon-256.png",
      "sizes": "256x256",
      "type": "image/png"
    },
    {
      "src": "https://img1.junaroad.com/assets/images/sprite/icon-384.png",
      "sizes": "384x384",
      "type": "image/png"
    },
    {
      "src": "https://img1.junaroad.com/assets/images/sprite/icon-512.png",
      "sizes": "512x512",
      "type": "image/png"
    }
  ],
  "prefer_related_applications": false,
  "related_applications": [],
  "//": "Some browsers will use this to enable push notifications.",
  "gcm_sender_id": "103953800507",
  "start_url": "https://www.limeroad.com/",
  "orientation": "portrait",
  "display": "standalone",
  "theme_color": "#111111",
  "background_color": "#EEEEEE"
}
